sample_id,视频文件名,视频标题,商品/服务类别,来源,采集日期,视频时长_秒,文案摘要
1,1.mp4,切片1 · 普通化妆品 · 美妆博主直播推荐全新二代气垫,0301-普通化妆品,教师提供公开直播/短视频广告切片,2026-09-04,29.93,美妆博主直播推荐全新二代气垫，主打还原好气色、持妆久且适合敏感肌，强调妆效惊艳并引导观众下单购买。
2,2.mp4,切片2 · 服饰箱包 · 主播诺姐在直播间展示并推销女士休闲裤,1207-服饰箱包,教师提供公开直播/短视频广告切片,2026-09-04,29.93,主播诺姐在直播间展示并推销女士休闲裤，强调版型与穿着效果，同时右下角挂有厚底帆布鞋商品链接，提供0元试穿及退货包运费服务。
3,3.mp4,切片3 · 乳制品 · 主播在直播间推销西梅酸奶,0501-乳制品,教师提供公开直播/短视频广告切片,2026-09-04,29.92,主播在直播间推销西梅酸奶，展示产品包装并引导观众立即抢购。
4,4.mp4,切片4 · 服饰箱包 · 直播展示悦哲品牌国风夏季宽松上衣,1207-服饰箱包,教师提供公开直播/短视频广告切片,2026-09-04,29.93,直播展示悦哲品牌国风夏季宽松上衣，主打新中式风格与高级质感，适合不同体型穿着。
5,5.mp4,切片5 · 普通化妆品 · 直播间正在推广燕裕逆龄紧致喷雾,0301-普通化妆品,教师提供公开直播/短视频广告切片,2026-09-04,29.94,直播间正在推广燕裕逆龄紧致喷雾，主打润而不腻、饱满紧致的护肤功效，售价199元。
6,6.mp4,切片6 · 普通化妆品 · 该广告推销名为“黛芸蜜”的私护产品（如缩缩液）,0301-普通化妆品,教师提供公开直播/短视频广告切片,2026-09-04,29.92,该广告推销名为“黛芸蜜”的私护产品（如缩缩液），主打女性私密部位紧致、修复及护理功能，属于个人护理类化妆品。
7,7.mp4,切片7 · 视听设备 · 海信激光电视直播推广,0901-视听设备,教师提供公开直播/短视频广告切片,2026-09-04,29.93,海信激光电视直播推广，主打星光系列S1/S2新品，强调护眼不伤眼、超薄贴墙及帝瓦雷影院级音响等卖点。
8,8.mp4,切片8 · 视听设备 · 海信激光电视S1/S2系列广告,0901-视听设备,教师提供公开直播/短视频广告切片,2026-09-04,29.97,海信激光电视S1/S2系列广告，主打0有害蓝光护眼功能，强调色域高、机身薄及影院级音响体验，适合打造家庭亲子影院。
9,9.mp4,切片9 · 卫生用品 · 宜婴品牌纸尿裤直播促销,1204-卫生用品,教师提供公开直播/短视频广告切片,2026-09-04,29.93,宜婴品牌纸尿裤直播促销，主打红山茶花精华养肤卖点，提供尺码指南及买尿裤送车车等优惠活动。
10,10.mp4,切片10 · 卫生用品 · 宜婴品牌纸尿裤直播带货广告,1204-卫生用品,教师提供公开直播/短视频广告切片,2026-09-04,29.93,宜婴品牌纸尿裤直播带货广告，主打红山茶花精华系列，宣传买尿裤送车车及五折优惠活动。
11,11.mp4,切片11 · 普通化妆品 · MISTINE蜜丝婷第7代美白防晒小黄帽直播促销,0301-普通化妆品,教师提供公开直播/短视频广告切片,2026-09-04,29.92,MISTINE蜜丝婷第7代美白防晒小黄帽直播促销，主打SPF78高倍防晒、清爽不粘腻质地及美白祛斑功效，强调连续五年销量第一及军训必备场景。
12,12.mp4,切片12 · 普通化妆品 · MISTINE蜜丝婷第七代防晒小黄帽直播推广,0301-普通化妆品,教师提供公开直播/短视频广告切片,2026-09-04,29.93,MISTINE蜜丝婷第七代防晒小黄帽直播推广，主打全波段防晒、美白祛斑特证及防水防汗功能，宣称连续五年销量领先。
13,13.mp4,切片13 · 普通化妆品 · MISTINE蜜丝婷防晒霜直播推广,0301-普通化妆品,教师提供公开直播/短视频广告切片,2026-09-04,29.97,MISTINE蜜丝婷防晒霜直播推广，主打SPF78 PA++++高倍防晒，强调质地清爽不粘腻、敏肌可用，并提供买赠优惠。
14,14.mp4,切片14 · 普通化妆品 · 美肤宝防晒霜直播间推广,0301-普通化妆品,教师提供公开直播/短视频广告切片,2026-09-04,29.94,美肤宝防晒霜直播间推广，主打美白淡斑与高倍防晒功效，强调防晒对防止肌肤老化的重要性。
15,15.mp4,切片15 · 普通化妆品 · 美肤宝直播间推广第四代轻妆小粉管防晒隔离乳,0301-普通化妆品,教师提供公开直播/短视频广告切片,2026-09-04,29.96,美肤宝直播间推广第四代轻妆小粉管防晒隔离乳，主打高倍防晒、美白淡斑及底妆修饰功效，强调国货品牌实力与代言人背书。
16,16.mp4,切片16 · 其他普通商品 · 直播间正在推销防静电竹节梳子,1221-其他普通商品,教师提供公开直播/短视频广告切片,2026-09-04,29.92,直播间正在推销防静电竹节梳子，主播展示梳子并强调其防脱发、手感温润的特点，以低价吸引观众购买。
17,17.mp4,切片17 · 普通化妆品 · HBN品牌化妆品直播带货广告,0301-普通化妆品,教师提供公开直播/短视频广告切片,2026-09-04,29.93,HBN品牌化妆品直播带货广告，主推A醇晚霜、发光水乳套装，主打抗皱紧致功效，强调权威实测数据，并提供入会加赠原白霜及面膜等超值优惠。
18,18.mp4,切片18 · 服饰箱包 · 主播在直播间推荐一款白色蕾丝拼接上衣,1207-服饰箱包,教师提供公开直播/短视频广告切片,2026-09-04,29.89,主播在直播间推荐一款白色蕾丝拼接上衣，强调其遮肚显瘦、质量好的特点，并提供黑色和白色两种颜色选择，引导观众立即抢购。
19,19.mp4,切片19 · 服饰箱包 · 直播间主播展示一款圆领碎花苎麻连衣裙,1207-服饰箱包,教师提供公开直播/短视频广告切片,2026-09-04,29.92,直播间主播展示一款圆领碎花苎麻连衣裙，强调面料透气舒适、不起球，适合50-70岁女性穿着，售价99.99元。
20,20.mp4,切片20 · 其他 · 直播售卖正宗山东突围水蜜桃,0510-其他,教师提供公开直播/短视频广告切片,2026-09-04,29.94,直播售卖正宗山东突围水蜜桃，强调产地一手货源、新鲜好吃，提供坏果包赔及极速退款服务。
21,21.mp4,切片21 · 视听设备 · 海信激光电视直播推广,0901-视听设备,教师提供公开直播/短视频广告切片,2026-09-04,29.89,海信激光电视直播推广，主打星光系列S1/S2新品，强调护眼大屏、世界杯观赛神器及高色域画质。
22,22.mp4,切片22 · 视听设备 · 海信激光电视直播推广,0901-视听设备,教师提供公开直播/短视频广告切片,2026-09-04,29.89,海信激光电视直播推广，主打星光系列S1/S2新品，强调护眼大屏、世界杯观赛神器及影院级视听体验。
23,23.mp4,切片23 · 普通化妆品 · 德妃PDRN精华液直播带货广告,0301-普通化妆品,教师提供公开直播/短视频广告切片,2026-09-04,29.92,德妃PDRN精华液直播带货广告，主打小分子高效吸收与抗皱紧致功效，宣称能淡化抬头纹、川字纹等，并提供试用装及专场补贴优惠。
24,24.mp4,切片24 · 普通化妆品 · MISTINE蜜丝婷小蓝帽防晒霜广告,0301-普通化妆品,教师提供公开直播/短视频广告切片,2026-09-04,29.94,MISTINE蜜丝婷小蓝帽防晒霜广告，主打全身冷白皮效果，强调防晒、防水防汗及美白成分。
25,25.mp4,切片25 · 普通化妆品 · MISTINE蜜丝婷素颜防晒乳广告,0301-普通化妆品,教师提供公开直播/短视频广告切片,2026-09-04,29.94,MISTINE蜜丝婷素颜防晒乳广告，主打SPF62高倍防晒、防水防汗及提亮肤色，强调水润轻薄质地，提供拍1发4优惠活动。
26,26.mp4,切片26 · 视听设备 · 海尔官方直播间推广麦浪系列电视,0901-视听设备,教师提供公开直播/短视频广告切片,2026-09-04,29.94,海尔官方直播间推广麦浪系列电视，主打AI智慧客厅概念，具备低蓝光护眼、AI人像增强及智能体服务功能，提升观影体验。
27,27.mp4,切片27 · 普通化妆品 · 兰蔻天猫618直播促销,0301-普通化妆品,教师提供公开直播/短视频广告切片,2026-09-04,29.94,兰蔻天猫618直播促销，主推菁纯系列护肤品套装，包含精华水、面霜等，主打抗老、紧致、焕亮功效，并赠送多件奢护礼。
28,28.mp4,切片28 · 视听设备 · 海尔官方旗舰店直播带货,0901-视听设备,教师提供公开直播/短视频广告切片,2026-09-04,29.95,海尔官方旗舰店直播带货，主推麦浪套系智能家电，重点展示电视AI观影及燃气热水器AI恒温科技。
29,29.mp4,切片29 · 小家电产品 · 海尔官方旗舰店天猫618直播促销,0906-小家电产品,教师提供公开直播/短视频广告切片,2026-09-04,29.94,海尔官方旗舰店天猫618直播促销，主推统帅三筒洗衣机、冰箱、空调及热水器等家电产品，提供限时优惠与红包活动。
30,30.mp4,切片30 · 厨卫电器 · 海尔官方旗舰店天猫618直播促销,0904-厨卫电器,教师提供公开直播/短视频广告切片,2026-09-04,29.9,海尔官方旗舰店天猫618直播促销，主推统帅三筒洗衣机及海尔冰箱、空调等大家电，提供多品类优惠价格与会员红包福利。
31,31.mp4,切片31 · 厨卫电器 · 海尔官方旗舰店天猫618直播促销,0904-厨卫电器,教师提供公开直播/短视频广告切片,2026-09-04,29.96,海尔官方旗舰店天猫618直播促销，主推空调、洗衣机、冰箱等家用电器，提供冰点好价及多重优惠权益。
32,32.mp4,切片32 · 厨卫电器 · 海尔直播间推广冰箱与油烟机,0904-厨卫电器,教师提供公开直播/短视频广告切片,2026-09-04,29.92,海尔直播间推广冰箱与油烟机，重点展示HCF鲜冻保湿科技锁住食材原鲜口感，以及麦浪烟机AI静音科技自动捕捉油烟的卖点。
33,33.mp4,切片33 · 其他电器 · 海尔官方旗舰店天猫618直播大促,0907-其他电器,教师提供公开直播/短视频广告切片,2026-09-04,29.95,海尔官方旗舰店天猫618直播大促，主推空调、冰箱、洗衣机等家电产品，提供限时补贴、红包及价保服务。
34,34.mp4,切片34 · 厨卫电器 · 海尔麦浪燃气热水器直播推广,0904-厨卫电器,教师提供公开直播/短视频广告切片,2026-09-04,29.95,海尔麦浪燃气热水器直播推广，主打AI双循环恒温科技，智能识别用水场景，解决水温忽冷忽烫问题。
35,35.mp4,切片35 · 厨卫电器 · 海尔官方旗舰店直播推广麦浪立式冰柜及超薄烟机,0904-厨卫电器,教师提供公开直播/短视频广告切片,2026-09-04,29.93,海尔官方旗舰店直播推广麦浪立式冰柜及超薄烟机，主打AI变频精准控温与HCF鲜冻保湿科技，强调食材保鲜及厨电融合设计。
36,36.mp4,切片36 · 厨卫电器 · 海尔官方旗舰店直播推广麦浪立式冰柜,0904-厨卫电器,教师提供公开直播/短视频广告切片,2026-09-04,29.97,海尔官方旗舰店直播推广麦浪立式冰柜，主打AI变频精准控温、-30℃恒温深冻及HCF鲜冻保湿科技，实现食材分区呵护与口感锁鲜。
37,37.mp4,切片37 · 视听设备 · 海尔麦浪电视618限时抢购,0901-视听设备,教师提供公开直播/短视频广告切片,2026-09-04,29.93,海尔麦浪电视618限时抢购，主打AI智能音画、11种自适应模式及AI服务智能体，提供护眼观影与智能交互体验。
38,38.mp4,切片38 · 厨卫电器 · 海尔直播间展示冰箱AI变频精准控温及HCF鲜冻保湿科技,0904-厨卫电器,教师提供公开直播/短视频广告切片,2026-09-04,29.98,海尔直播间展示冰箱AI变频精准控温及HCF鲜冻保湿科技，强调食材保鲜效果，并推介超薄平嵌设计的麦浪油烟机。
39,39.mp4,切片39 · 厨卫电器 · 海尔官方旗舰店直播推广冰箱及油烟机,0904-厨卫电器,教师提供公开直播/短视频广告切片,2026-09-04,29.95,海尔官方旗舰店直播推广冰箱及油烟机，展示冰箱AI变频精准控温与HCF鲜冻保湿科技，以及油烟机超薄平嵌设计，强调食材保鲜与厨电融合。
40,40.mp4,切片40 · 厨卫电器 · 海尔官方旗舰店直播推广冰箱及油烟机,0904-厨卫电器,教师提供公开直播/短视频广告切片,2026-09-04,29.93,海尔官方旗舰店直播推广冰箱及油烟机，主打AI变频精准控温与HCF鲜冻保湿科技，强调食材锁鲜及超薄设计。
41,41.mp4,切片41 · 厨卫电器 · 海尔官方旗舰店直播推广高端冰箱,0904-厨卫电器,教师提供公开直播/短视频广告切片,2026-09-04,29.95,海尔官方旗舰店直播推广高端冰箱，主打高端分区收纳设计、AI变频精准控温及HCF鲜冻保湿科技，强调食材锁鲜与不风干。
42,42.mp4,切片42 · 厨卫电器 · 海尔官方旗舰店直播带货,0904-厨卫电器,教师提供公开直播/短视频广告切片,2026-09-04,29.93,海尔官方旗舰店直播带货，主推行业首创无镁棒净肤洗热水器，强调内胆免清洗、无镁渣无水垢及0元安装等核心卖点。
43,43.mp4,切片43 · 厨卫电器 · 海尔官方旗舰店直播促销,0904-厨卫电器,教师提供公开直播/短视频广告切片,2026-09-04,29.93,海尔官方旗舰店直播促销，主推行业首创无镁棒净肤洗热水器，同时涵盖冰箱、空调、洗衣机等大家电，提供618限时优惠及零元安装服务。
44,44.mp4,切片44 · 厨卫电器 · 海尔官方旗舰店618大促直播,0904-厨卫电器,教师提供公开直播/短视频广告切片,2026-09-04,29.91,海尔官方旗舰店618大促直播，主推冰箱、洗衣机、空调等家电产品，提供限时优惠价格及保价服务。
45,45.mp4,切片45 · 厨卫电器 · 海尔官方旗舰店618大促直播,0904-厨卫电器,教师提供公开直播/短视频广告切片,2026-09-04,29.93,海尔官方旗舰店618大促直播，主推冰箱、洗衣机、空调等家电产品，强调性价比与价格保护。
46,46.mp4,切片46 · 厨卫电器 · 海尔官方旗舰店天猫618直播促销,0904-厨卫电器,教师提供公开直播/短视频广告切片,2026-09-04,29.92,海尔官方旗舰店天猫618直播促销，重点展示热水器、冰箱、洗衣机等家电产品，提供限时直降、红包补贴及送装入户服务。
47,47.mp4,切片47 · 厨卫电器 · 海尔官方旗舰店天猫618直播大促,0904-厨卫电器,教师提供公开直播/短视频广告切片,2026-09-04,29.93,海尔官方旗舰店天猫618直播大促，主推热水器、冰箱、洗衣机等家电产品，提供限时补贴、红包瓜分及送装入户服务。
48,48.mp4,切片48 · 厨卫电器 · 海尔官方旗舰店618大促直播,0904-厨卫电器,教师提供公开直播/短视频广告切片,2026-09-04,29.96,海尔官方旗舰店618大促直播，主推热水器、空调、冰箱等家用电器，提供限时优惠、红包瓜分及以旧换新补贴活动。
49,49.mp4,切片49 · 普通化妆品 · 韩束品牌在618大促期间直播推广红蛮腰护肤礼盒,0301-普通化妆品,教师提供公开直播/短视频广告切片,2026-09-04,29.92,韩束品牌在618大促期间直播推广红蛮腰护肤礼盒，主打全球首创环六肽配方，强调抗皱美白功效，并提供买一送一及大额优惠券等促销活动。
50,50.mp4,切片50 · 普通化妆品 · 韩束红蛮腰第二代4.0版护肤品礼盒直播促销,0301-普通化妆品,教师提供公开直播/短视频广告切片,2026-09-04,29.91,韩束红蛮腰第二代4.0版护肤品礼盒直播促销，主打升级环六肽成分，宣称14天改善10大纹路，618活动期间享受破价优惠及赠品。
51,51.mp4,切片51 · 普通化妆品 · 韩束红蛮腰礼盒直播间大促,0301-普通化妆品,教师提供公开直播/短视频广告切片,2026-09-04,29.92,韩束红蛮腰礼盒直播间大促，主打抗皱紧致、美白祛斑功效，包含水乳霜及赠品，宣称适合全肤质人群。
52,52.mp4,切片52 · 普通化妆品 · 韩束品牌红蛮腰系列护肤品直播促销广告,0301-普通化妆品,教师提供公开直播/短视频广告切片,2026-09-04,29.92,韩束品牌红蛮腰系列护肤品直播促销广告，主打抗皱紧致与美白功效，618期间提供水乳霜套装及赠品优惠。
53,53.mp4,切片53 · 厨卫电器 · 海尔官方旗舰店直播推广麦浪系列燃气热水器,0904-厨卫电器,教师提供公开直播/短视频广告切片,2026-09-04,29.93,海尔官方旗舰店直播推广麦浪系列燃气热水器，主打AI双循环恒温科技，智能识别用水场景解决忽冷忽烫问题。
54,54.mp4,切片54 · 厨卫电器 · 海尔官方旗舰店直播推广麦浪系列家电,0904-厨卫电器,教师提供公开直播/短视频广告切片,2026-09-04,29.95,海尔官方旗舰店直播推广麦浪系列家电，重点展示AI智慧浴室及燃气热水器，强调AI双循环恒温科技和智能体服务体验。
55,55.mp4,切片55 · 厨卫电器 · 海尔官方旗舰店直播推广麦浪套系AI智慧浴室及燃气热水器,0904-厨卫电器,教师提供公开直播/短视频广告切片,2026-09-04,29.9,海尔官方旗舰店直播推广麦浪套系AI智慧浴室及燃气热水器，主打AI双循环恒温科技，解决水温忽冷忽烫问题，提供全程恒温沐浴体验。
56,56.mp4,切片56 · 厨卫电器 · 海尔麦浪系列家电直播广告,0904-厨卫电器,教师提供公开直播/短视频广告切片,2026-09-04,29.92,海尔麦浪系列家电直播广告，重点展示AI智慧浴室场景，介绍燃气热水器AI双循环恒温科技及AI识别用水场景功能，解决水温忽冷忽烫问题。
57,57.mp4,切片57 · 视听设备 · 海尔官方旗舰店直播推广麦浪系列电视,0901-视听设备,教师提供公开直播/短视频广告切片,2026-09-04,29.94,海尔官方旗舰店直播推广麦浪系列电视，主打AI智慧客厅概念，强调音随画动、低蓝光护眼及多种AI智能体服务功能。
58,58.mp4,切片58 · 视听设备 · 海尔官方旗舰店直播推广海尔麦浪系列智慧客厅产品,0901-视听设备,教师提供公开直播/短视频广告切片,2026-09-04,29.91,海尔官方旗舰店直播推广海尔麦浪系列智慧客厅产品，重点展示电视的低蓝光护眼、AI人像增强及AI观影智能体等视听功能。
59,59.mp4,切片59 · 视听设备 · 海尔麦浪电视广告,0901-视听设备,教师提供公开直播/短视频广告切片,2026-09-04,29.95,海尔麦浪电视广告，主打AI智能音画技术与11种场景自适应模式，特别强调低蓝光护眼功能以守护儿童视力，并通过AI人像增强提升观影体验。
60,60.mp4,切片60 · 厨卫电器 · 海尔官方旗舰店直播推广冰箱与油烟机,0904-厨卫电器,教师提供公开直播/短视频广告切片,2026-09-04,29.92,海尔官方旗舰店直播推广冰箱与油烟机，重点展示冰箱HCF鲜冻保湿科技锁住食材原鲜口感，以及油烟机超薄平嵌设计与AI智能控烟功能。
61,61.mp4,切片61 · 厨卫电器 · 海尔官方旗舰店直播推广冰箱与油烟机,0904-厨卫电器,教师提供公开直播/短视频广告切片,2026-09-04,29.94,海尔官方旗舰店直播推广冰箱与油烟机，主打冰箱HCF鲜冻保湿科技锁住食材原鲜口感，以及麦浪烟机AI智能控烟与超薄平嵌设计。
62,62.mp4,切片62 · 厨卫电器 · 海尔官方旗舰店直播推广麦浪立式冰柜及油烟机,0904-厨卫电器,教师提供公开直播/短视频广告切片,2026-09-04,29.93,海尔官方旗舰店直播推广麦浪立式冰柜及油烟机，重点展示冰柜的AI变频精准控温、-30℃深冻以及HCF鲜冻保湿科技，强调食材保鲜效果。
63,63.mp4,切片63 · 厨卫电器 · 海尔冰箱直播带货广告,0904-厨卫电器,教师提供公开直播/短视频广告切片,2026-09-04,29.93,海尔冰箱直播带货广告，主打高端分区收纳设计、AI变频精准控温及HCF鲜冻保湿科技，强调锁住食材原鲜口感。
64,64.mp4,切片64 · 厨卫电器 · 海尔官方旗舰店直播推广麦浪立式冰柜,0904-厨卫电器,教师提供公开直播/短视频广告切片,2026-09-04,29.92,海尔官方旗舰店直播推广麦浪立式冰柜，主打AI变频精准控温与HCF鲜冻保湿科技，强调能锁住食材原鲜口感。
65,65.mp4,切片65 · 厨卫电器 · 海尔麦浪立式冰柜广告,0904-厨卫电器,教师提供公开直播/短视频广告切片,2026-09-04,29.93,海尔麦浪立式冰柜广告，展示其高端分区收纳设计、AI变频精准控温以及HCF鲜冻保湿科技，强调能锁住食材原鲜口感。
66,66.mp4,切片66 · 厨卫电器 · 海尔麦浪立式冰柜广告,0904-厨卫电器,教师提供公开直播/短视频广告切片,2026-09-04,29.91,海尔麦浪立式冰柜广告，主打AI变频精准控温与HCF鲜冻保湿科技，能够锁住食材原鲜口感。
67,67.mp4,切片67 · 视听设备 · 海尔麦浪系列AI智慧家电广告,0901-视听设备,教师提供公开直播/短视频广告切片,2026-09-04,29.92,海尔麦浪系列AI智慧家电广告，重点展示具备低蓝光护眼和AI智能体功能的电视产品，同时推广燃气热水器等全屋智能家电。
68,68.mp4,切片68 · 视听设备 · 海尔官方旗舰店直播推广其电视产品,0901-视听设备,教师提供公开直播/短视频广告切片,2026-09-04,29.92,海尔官方旗舰店直播推广其电视产品，重点展示11种模式自适应、AI人像增强、低蓝光护眼及AI智能体等视听功能。
69,69.mp4,切片69 · 视听设备 · 海尔麦浪电视直播推广,0901-视听设备,教师提供公开直播/短视频广告切片,2026-09-04,29.94,海尔麦浪电视直播推广，主打AI智能音画、低蓝光护眼模式及AI服务智能体等卖点，强调家庭观影体验。
70,70.mp4,切片70 · 厨卫电器 · 海尔官方旗舰店直播展示麦浪套系家电,0904-厨卫电器,教师提供公开直播/短视频广告切片,2026-09-04,29.94,海尔官方旗舰店直播展示麦浪套系家电，重点推介拥有黄金湿度保鲜功能的冰箱以及具备AI有效风静音科技、超薄设计的烟机，强调产品智能化与烹饪体验。
71,71.mp4,切片71 · 厨卫电器 · 海尔官方旗舰店直播推广多款大家电,0904-厨卫电器,教师提供公开直播/短视频广告切片,2026-09-04,29.94,海尔官方旗舰店直播推广多款大家电，重点展示冰箱的HCF鲜冻保湿科技以及麦浪油烟机的超薄平嵌设计与AI智能净烟功能。
72,72.mp4,切片72 · 厨卫电器 · 海尔直播间推广大家电产品,0904-厨卫电器,教师提供公开直播/短视频广告切片,2026-09-04,29.93,海尔直播间推广大家电产品，重点展示冰箱的-30℃恒温深冻与HCF鲜冻保湿科技，以及烟机的超薄平嵌设计。
73,73.mp4,切片73 · 厨卫电器 · 海尔官方旗舰店直播带货,0904-厨卫电器,教师提供公开直播/短视频广告切片,2026-09-04,29.97,海尔官方旗舰店直播带货，重点展示冰箱的AI变频精准控温与HCF鲜冻保湿科技，以及麦浪油烟机的超薄平嵌设计。
74,74.mp4,切片74 · 厨卫电器 · 海尔官方旗舰店直播推广麦浪立式冰柜,0904-厨卫电器,教师提供公开直播/短视频广告切片,2026-09-04,29.94,海尔官方旗舰店直播推广麦浪立式冰柜，主打高端分区收纳设计、AI变频精准控温以及HCF鲜冻保湿科技，致力于锁住食材原鲜口感。
75,75.mp4,切片75 · 厨卫电器 · 海尔官方旗舰店直播推广麦浪立式冰柜,0904-厨卫电器,教师提供公开直播/短视频广告切片,2026-09-04,29.94,海尔官方旗舰店直播推广麦浪立式冰柜，主打AI变频精准控温、-30℃恒温深冻及HCF鲜冻保湿科技，致力于锁住食材原鲜口感。
76,76.mp4,切片76 · 厨卫电器 · 海尔官方旗舰店直播推广麦浪立式冰柜,0904-厨卫电器,教师提供公开直播/短视频广告切片,2026-09-04,29.94,海尔官方旗舰店直播推广麦浪立式冰柜，主打AI变频精准控温、-30℃深冻及HCF鲜冻保湿科技，强调高端分区收纳与食材保鲜功能。
77,77.mp4,切片77 · 厨卫电器 · 海尔官方旗舰店直播推广海尔麦浪套系AI智慧厨房,0904-厨卫电器,教师提供公开直播/短视频广告切片,2026-09-04,29.93,海尔官方旗舰店直播推广海尔麦浪套系AI智慧厨房，重点展示594mm专业超薄零嵌冰箱的嵌入式设计与AI全空间保鲜科技。
78,78.mp4,切片78 · 厨卫电器 · 海尔官方旗舰店618大促直播,0904-厨卫电器,教师提供公开直播/短视频广告切片,2026-09-04,29.95,海尔官方旗舰店618大促直播，重点推荐云溪503L冰箱及MA5PRO热水器，强调超薄机身、极速加热及国补优惠价格。
79,79.mp4,切片79 · 厨卫电器 · 海尔官方旗舰店618大促直播,0904-厨卫电器,教师提供公开直播/短视频广告切片,2026-09-04,29.94,海尔官方旗舰店618大促直播，主播重点推荐MA5PRO电热水器，强调其高清全瓷加热管、长效保温及变频速热等核心卖点。
80,80.mp4,切片80 · 厨卫电器 · 海尔官方旗舰店618大促直播,0904-厨卫电器,教师提供公开直播/短视频广告切片,2026-09-04,29.92,海尔官方旗舰店618大促直播，主播重点推荐云溪系列冰箱及统帅系列家电，强调深冷保鲜、超薄零嵌及EPP净化功能，并提供限时补贴与抽奖福利。
81,81.mp4,切片81 · 厨卫电器 · 海尔官方旗舰店直播推广,0904-厨卫电器,教师提供公开直播/短视频广告切片,2026-09-04,29.95,海尔官方旗舰店直播推广，主推MA5系列电热水器，强调超一级能效、3300W变频速热、长效保温及618大促优惠。
82,82.mp4,切片82 · 小家电产品 · 海尔品牌电热水器促销广告,0906-小家电产品,教师提供公开直播/短视频广告切片,2026-09-04,29.95,海尔品牌电热水器促销广告，主打净水细腻呵肤、锆金加热管防腐蚀及变频速热节能卖点，配合618大促活动吸引用户下单。
83,83.mp4,切片83 · 普通化妆品 · 韩束品牌23周年庆直播带货,0301-普通化妆品,教师提供公开直播/短视频广告切片,2026-09-04,29.92,韩束品牌23周年庆直播带货，主打红蛮腰礼盒及377亮白棒等面部护肤产品，强调618破价优惠及买赠活动。
84,84.mp4,切片84 · 普通化妆品 · 韩束品牌618周年庆直播促销,0301-普通化妆品,教师提供公开直播/短视频广告切片,2026-09-04,29.93,韩束品牌618周年庆直播促销，主推红蛮腰护肤礼盒套装，强调全球首创环六肽技术，包含洁面、水乳、精华、面霜等全套正装，主打超值价格与送礼场景。
85,85.mp4,切片85 · 普通化妆品 · 韩束品牌618大促直播,0301-普通化妆品,教师提供公开直播/短视频广告切片,2026-09-04,29.91,韩束品牌618大促直播，主推红蛮腰二代抗皱紧致套装及377亮白棒，展示SGS测试报告强调14天改善皱纹效果，并提供免费试用及多重优惠。
86,86.mp4,切片86 · 小家电产品 · 海尔官方旗舰店618直播促销,0906-小家电产品,教师提供公开直播/短视频广告切片,2026-09-04,29.93,海尔官方旗舰店618直播促销，主推MHBE785WU1型号三筒洗衣机，宣传智能投放、内衣袜子专洗等特色功能，并提供换新补贴及延保服务。
87,87.mp4,切片87 · 小家电产品 · 海尔官方旗舰店618大促直播,0906-小家电产品,教师提供公开直播/短视频广告切片,2026-09-04,29.95,海尔官方旗舰店618大促直播，主推MHBE785WU1洗烘套装，主打小筒专属特色洗（内裤、袜子），并赠送纤醒懒人洗护套装，强调智能投放与十年电机延保。
88,88.mp4,切片88 · 小家电产品 · 海尔官方旗舰店直播推广一体三筒洗烘一体机,0906-小家电产品,教师提供公开直播/短视频广告切片,2026-09-04,29.93,海尔官方旗舰店直播推广一体三筒洗烘一体机，主打智能投放、分区洗烘及十年电机延保等卖点，并提供618限时优惠及赠品。
89,89.mp4,切片89 · 厨卫电器 · 海尔官方旗舰店618大促直播,0904-厨卫电器,教师提供公开直播/短视频广告切片,2026-09-04,29.9,海尔官方旗舰店618大促直播，重点推介Leader品牌三筒洗烘一体机及统帅冰箱等家电产品，主打智能洗烘、大容量保鲜功能及限时补贴优惠。
90,90.mp4,切片90 · 厨卫电器 · 海尔官方旗舰店618大促直播,0904-厨卫电器,教师提供公开直播/短视频广告切片,2026-09-04,29.92,海尔官方旗舰店618大促直播，主推Leader三筒一体洗烘套装及冰箱等家电，强调AI动平衡、标准尺寸免改柜及多重优惠补贴。
91,91.mp4,切片91 · 小家电产品 · 海尔官方旗舰店618大促直播,0906-小家电产品,教师提供公开直播/短视频广告切片,2026-09-04,29.93,海尔官方旗舰店618大促直播，主推Leader品牌三筒三烘一体洗衣机，强调AI动平衡与PTC柔烘技术，提供限时补贴价及洗护套装赠品。
92,92.mp4,切片92 · 厨卫电器 · 海尔官方旗舰店618大促直播,0904-厨卫电器,教师提供公开直播/短视频广告切片,2026-09-04,29.91,海尔官方旗舰店618大促直播，主推Leader三筒一体洗烘套装，强调标准尺寸无需改柜、AI动平衡及PTC烘干功能，提供限时补贴价。
93,93.mp4,切片93 · 厨卫电器 · 海尔官方旗舰店直播推广Leader品牌三筒一体洗烘护机,0904-厨卫电器,教师提供公开直播/短视频广告切片,2026-09-04,29.92,海尔官方旗舰店直播推广Leader品牌三筒一体洗烘护机，主打AI动平衡、PTC柔烘及标准尺寸无需改柜等卖点，参与618大促活动。
94,94.mp4,切片94 · 普通化妆品 · 韩束品牌618及520促销直播,0301-普通化妆品,教师提供公开直播/短视频广告切片,2026-09-04,29.93,韩束品牌618及520促销直播，主推红蛮腰抗皱礼盒与377美白棒套装，强调买正装送大量赠品及官方正品保障。
95,95.mp4,切片95 · 普通化妆品 · 韩束品牌618及520大促直播广告,0301-普通化妆品,教师提供公开直播/短视频广告切片,2026-09-04,29.93,韩束品牌618及520大促直播广告，主推红蛮腰抗皱紧致礼盒与377美白亮白棒，强调官方正品、破价优惠及买赠福利。
96,96.mp4,切片96 · 普通化妆品 · 韩束官方旗舰店直播推广红蛮腰护肤礼盒,0301-普通化妆品,教师提供公开直播/短视频广告切片,2026-09-04,29.94,韩束官方旗舰店直播推广红蛮腰护肤礼盒，主打618破价促销，包含水乳精华面霜等正装及大量赠品，强调全球环六肽首创者身份。
97,97.mp4,切片97 · 普通化妆品 · 韩束红蛮腰礼盒618大促直播广告,0301-普通化妆品,教师提供公开直播/短视频广告切片,2026-09-04,29.92,韩束红蛮腰礼盒618大促直播广告，主打全球自研环六肽护肤科技，包含水乳霜及次抛精华等全套护肤产品，限时破价优惠并赠送多件赠品。
98,98.mp4,切片98 · 普通化妆品 · 韩束618大促直播间展示红蛮腰护肤礼盒,0301-普通化妆品,教师提供公开直播/短视频广告切片,2026-09-04,29.96,韩束618大促直播间展示红蛮腰护肤礼盒，主打美白抗皱功效，包含水乳精华面霜及亮白棒赠品，强调官方正品与超值优惠。
99,99.mp4,切片99 · 普通化妆品 · 韩束品牌618促销活动广告,0301-普通化妆品,教师提供公开直播/短视频广告切片,2026-09-04,29.94,韩束品牌618促销活动广告，主推红蛮腰护肤礼盒及377美白精华，强调全球环六肽首创者身份及超值赠品优惠。
100,100.mp4,切片100 · 普通化妆品 · 韩束618破价促销活动,0301-普通化妆品,教师提供公开直播/短视频广告切片,2026-09-04,29.91,韩束618破价促销活动，主推377亮白棒及红蛮腰礼盒套装，强调买一送一优惠及全球首创环六肽技术，主打美白护肤功效。
101,101.mp4,切片101 · 普通化妆品 · 韩束官方直播间正在进行618破价促销活动,0301-普通化妆品,教师提供公开直播/短视频广告切片,2026-09-04,29.95,韩束官方直播间正在进行618破价促销活动，主推红蛮腰礼盒套装，包含水乳霜及377亮白棒等，强调全球环六肽首创者身份及工厂直售低价。
102,102.mp4,切片102 · 普通化妆品 · 韩束品牌618直播促销广告,0301-普通化妆品,教师提供公开直播/短视频广告切片,2026-09-04,29.93,韩束品牌618直播促销广告，主推红蛮腰礼盒套装，包含377亮白棒、面霜、水乳及防晒等护肤品，主打美白抗老功效并强调工厂直售低价。
103,103.mp4,切片103 · 普通化妆品 · 韩束品牌618大促直播广告,0301-普通化妆品,教师提供公开直播/短视频广告切片,2026-09-04,29.94,韩束品牌618大促直播广告，主推红蛮腰礼盒套装，包含377亮白棒、水乳及面霜等面部护肤品，强调抗皱紧致与美白功效。
104,104.mp4,切片104 · 普通化妆品 · 韩束品牌618促销直播,0301-普通化妆品,教师提供公开直播/短视频广告切片,2026-09-04,29.94,韩束品牌618促销直播，主打红蛮腰礼盒及377亮白棒等面部护肤产品，强调美白抗皱功效与超值优惠。
105,105.mp4,切片105 · 普通化妆品 · 韩束品牌618促销活动直播广告,0301-普通化妆品,教师提供公开直播/短视频广告切片,2026-09-04,29.93,韩束品牌618促销活动直播广告，主推红蛮腰礼盒套装及377亮白棒，强调美白防晒、抗皱紧致功效及限时破价优惠。
106,106.mp4,切片106 · 普通化妆品 · 韩束品牌618大促直播,0301-普通化妆品,教师提供公开直播/短视频广告切片,2026-09-04,29.93,韩束品牌618大促直播，主推红蛮腰礼盒套装及377亮白棒，强调美白功效与超值赠品。
107,107.mp4,切片107 · 普通化妆品 · 韩束直播间推广618及520节红蛮腰礼盒套装,0301-普通化妆品,教师提供公开直播/短视频广告切片,2026-09-04,29.94,韩束直播间推广618及520节红蛮腰礼盒套装，主打抗皱紧致与美白功效，宣称买一送一并赠送多件正装及美白棒，强调全球环六肽首创者身份。
108,108.mp4,切片108 · 普通化妆品 · 韩束品牌618大促直播带货,0301-普通化妆品,教师提供公开直播/短视频广告切片,2026-09-04,29.92,韩束品牌618大促直播带货，主打红蛮腰抗皱美白礼盒及377亮白棒，强调买一送多、破价优惠及工厂直售。
109,109.mp4,切片109 · 普通化妆品 · 韩束品牌618促销活动直播,0301-普通化妆品,教师提供公开直播/短视频广告切片,2026-09-04,29.95,韩束品牌618促销活动直播，主推377亮白棒及红蛮腰护肤礼盒，强调全球环六肽首创者身份与超值赠品。
110,110.mp4,切片110 · 普通化妆品 · 韩束红蛮腰4.0护肤套装广告,0301-普通化妆品,教师提供公开直播/短视频广告切片,2026-09-04,29.94,韩束红蛮腰4.0护肤套装广告，主打抗皱紧致、美白祛斑、补水保湿等多重功效，宣称全球首创环六肽，适合改善皱纹、暗沉等肌肤问题。
111,111.mp4,切片111 · 普通化妆品 · 韩束官方旗舰店618大促直播,0301-普通化妆品,教师提供公开直播/短视频广告切片,2026-09-04,29.92,韩束官方旗舰店618大促直播，主推红蛮腰礼盒及377亮白棒，主打美白、抗皱紧致功效，提供总监专属赠品及低价优惠。
112,112.mp4,切片112 · 普通化妆品 · 韩束红蛮腰大礼盒618年中狂欢促销,0301-普通化妆品,教师提供公开直播/短视频广告切片,2026-09-04,29.93,韩束红蛮腰大礼盒618年中狂欢促销，主打抗皱紧致、补水修护及美白提亮等多重功效，宣称全球环六肽首创者，适合多年龄段肤质使用。
113,113.mp4,切片113 · 普通化妆品 · 韩束红蛮腰礼盒618破价促销,0301-普通化妆品,教师提供公开直播/短视频广告切片,2026-09-04,29.93,韩束红蛮腰礼盒618破价促销，主打抗皱紧致与美白功效，包含水乳霜及377亮白棒等丰富赠品。
114,114.mp4,切片114 · 普通化妆品 · 韩束品牌直播间推广“红蛮腰”抗皱礼盒及377美白棒套装,0301-普通化妆品,教师提供公开直播/短视频广告切片,2026-09-04,29.93,韩束品牌直播间推广“红蛮腰”抗皱礼盒及377美白棒套装，主打618促销破价、全球首创环六肽及买一送一超值优惠。
115,115.mp4,切片115 · 普通化妆品 · 韩束红蛮腰护肤品套装直播促销广告,0301-普通化妆品,教师提供公开直播/短视频广告切片,2026-09-04,29.94,韩束红蛮腰护肤品套装直播促销广告，主打美白抗皱功效，包含水乳霜精华等多件产品，宣称全球环六肽首创者，直播间限时低价特惠。
116,116.mp4,切片116 · 普通化妆品 · 韩束红蛮腰护肤套组直播促销广告,0301-普通化妆品,教师提供公开直播/短视频广告切片,2026-09-04,29.94,韩束红蛮腰护肤套组直播促销广告，主打全新升级环六肽成分，宣称14天紧致淡纹提亮，包含水乳精华面霜等全套产品。
117,117.mp4,切片117 · 普通化妆品 · 韩束品牌直播间推广红蛮腰护肤礼盒套装,0301-普通化妆品,教师提供公开直播/短视频广告切片,2026-09-04,29.93,韩束品牌直播间推广红蛮腰护肤礼盒套装，主打全新升级环六肽成分，宣称具有紧致淡纹、提亮美白功效，并提供618破价优惠及赠品活动。
118,118.mp4,切片118 · 普通化妆品 · 韩束红蛮腰护肤套盒直播促销,0301-普通化妆品,教师提供公开直播/短视频广告切片,2026-09-04,29.91,韩束红蛮腰护肤套盒直播促销，主打抗皱紧致功效，宣称拥有SGS权威评估及14天改善纹路效果，并赠送多件正装产品。
119,119.mp4,切片119 · 普通化妆品 · 韩束红蛮腰第二代4.0版护肤品礼盒直播促销,0301-普通化妆品,教师提供公开直播/短视频广告切片,2026-09-04,29.93,韩束红蛮腰第二代4.0版护肤品礼盒直播促销，主打14天改善10大纹路、提亮保湿修护功效，展示SGS权威检测报告，限时特惠359元。
120,120.mp4,切片120 · 普通化妆品 · 韩束红蛮腰第二代4.0版护肤套装广告,0301-普通化妆品,教师提供公开直播/短视频广告切片,2026-09-04,29.93,韩束红蛮腰第二代4.0版护肤套装广告，主打全新升级环六肽成分，宣称14天紧致淡纹提亮，直播促销价359元。
121,121.mp4,切片121 · 普通化妆品 · 韩束官方直播间推广红蛮腰护肤礼盒套装,0301-普通化妆品,教师提供公开直播/短视频广告切片,2026-09-04,29.92,韩束官方直播间推广红蛮腰护肤礼盒套装，主打377亮白棒及环六肽抗皱紧致功效，强调美白、补水、修护等多重护肤体验。
122,122.mp4,切片122 · 普通化妆品 · 韩束官方旗舰店直播促销红蛮腰大礼盒及377亮白棒,0301-普通化妆品,教师提供公开直播/短视频广告切片,2026-09-04,29.93,韩束官方旗舰店直播促销红蛮腰大礼盒及377亮白棒，主打美白防晒、紧致淡纹功效，强调高性价比与赠品丰富。
123,123.mp4,切片123 · 普通化妆品 · 韩束官方旗舰店直播推销红蛮腰护肤礼盒及377美白棒,0301-普通化妆品,教师提供公开直播/短视频广告切片,2026-09-04,29.94,韩束官方旗舰店直播推销红蛮腰护肤礼盒及377美白棒，主打抗皱紧致、补水修护及美白功效，强调明星推荐与限时优惠价格。
124,124.mp4,切片124 · 普通化妆品 · 韩束红蛮腰大礼盒直播促销广告,0301-普通化妆品,教师提供公开直播/短视频广告切片,2026-09-04,29.94,韩束红蛮腰大礼盒直播促销广告，主打环六肽抗皱紧致及377美白功效，强调限时破价优惠及多重赠品。
125,125.mp4,切片125 · 普通化妆品 · 韩束红蛮腰礼盒直播促销,0301-普通化妆品,教师提供公开直播/短视频广告切片,2026-09-04,29.92,韩束红蛮腰礼盒直播促销，主打抗皱紧致与美白功效，赠送亮白棒及防晒等丰富赠品，强调618抢先购低价。
126,126.mp4,切片126 · 普通化妆品 · 韩束直播间推广红蛮腰护肤套装,0301-普通化妆品,教师提供公开直播/短视频广告切片,2026-09-04,29.95,韩束直播间推广红蛮腰护肤套装，主打全新升级环六肽成分，宣称14天紧致淡纹提亮，并提供总监破价优惠及赠品活动。
127,127.mp4,切片127 · 普通化妆品 · 韩束品牌直播带货,0301-普通化妆品,教师提供公开直播/短视频广告切片,2026-09-04,29.92,韩束品牌直播带货，主推红蛮腰礼盒套装及377亮白棒等护肤品，强调全球环六肽首创者身份，主打紧致淡纹功效，并配合618大促活动提供破价优惠与赠品。
128,128.mp4,切片128 · 普通化妆品 · 韩束红蛮腰4.0护肤套装直播促销,0301-普通化妆品,教师提供公开直播/短视频广告切片,2026-09-04,29.94,韩束红蛮腰4.0护肤套装直播促销，主打全新升级环六肽成分，具备抗皱紧致、提亮肤色、美白祛斑等多重功效，适合全肤质人群使用。
129,129.mp4,切片129 · 普通化妆品 · 韩束品牌在直播间推广红蛮腰护肤礼盒,0301-普通化妆品,教师提供公开直播/短视频广告切片,2026-09-04,29.94,韩束品牌在直播间推广红蛮腰护肤礼盒，主打14天紧致淡纹提亮功效，通过展示SGS权威测试报告证明改善10大纹路的实力，并提供399元的618限时特惠价格及赠品。
130,130.mp4,切片130 · 视听设备 · 海尔官方旗舰店直播推广海尔麦浪系列智能家电,0901-视听设备,教师提供公开直播/短视频广告切片,2026-09-04,29.94,海尔官方旗舰店直播推广海尔麦浪系列智能家电，重点展示电视的低蓝光护眼模式、AI人像增强及智能体服务功能，同时提及AI智慧浴室燃气热水器。
131,131.mp4,切片131 · 厨卫电器 · 海尔官方旗舰店直播推广冰箱与油烟机等产品,0904-厨卫电器,教师提供公开直播/短视频广告切片,2026-09-04,29.93,海尔官方旗舰店直播推广冰箱与油烟机等产品，强调冰箱黄金湿度保鲜功能及麦浪系列烟机超薄设计与AI智能控烟科技。
132,132.mp4,切片132 · 文体娱乐产品 · 鲸栖户外旗舰店直播带货鲸栖翘二代钓竿,1216-文体娱乐产品,教师提供公开直播/短视频广告切片,2026-09-04,29.9,鲸栖户外旗舰店直播带货鲸栖翘二代钓竿，主打东丽高碳材质与极硬调性，限时限量发售并赠送礼品。
133,133.mp4,切片133 · 保健食品 · 汤臣倍健蛋白粉直播间特价促销,0601-保健食品,教师提供公开直播/短视频广告切片,2026-09-04,29.94,汤臣倍健蛋白粉直播间特价促销，主打0胆固醇、0乳糖、低脂肪，电商总监空降带货，强调营养补充与活力健康。
134,134.mp4,切片134 · 保健食品 · 汤臣倍健官方旗舰店母亲节专场直播,0601-保健食品,教师提供公开直播/短视频广告切片,2026-09-04,29.94,汤臣倍健官方旗舰店母亲节专场直播，主推旗舰蓝罐臻钻蛋白粉。强调产品0胆固醇、0乳糖、低脂肪及高纯度蛋白含量，适合高血压和糖尿病患者食用，并提供官方授权正品保证及运费险。
135,135.mp4,切片135 · 保健食品 · 汤臣倍健母亲节专场直播,0601-保健食品,教师提供公开直播/短视频广告切片,2026-09-04,29.92,汤臣倍健母亲节专场直播，主推臻钻蛋白粉，强调0胆固醇、0乳糖、高纯度及高消化率，适合术后恢复及老年人营养补充，购买即赠摇摇杯等礼品。
136,136.mp4,切片136 · 保健食品 · 汤臣倍健母亲节专场直播,0601-保健食品,教师提供公开直播/短视频广告切片,2026-09-04,29.95,汤臣倍健母亲节专场直播，主打旗舰蓝罐臻钻蛋白粉，强调90%高纯度、0胆固醇、0乳糖及高消化率，适合健身、孕期及中老年人群。
137,137.mp4,切片137 · 普通化妆品 · 韩束官方旗舰店母亲节直播促销,0301-普通化妆品,教师提供公开直播/短视频广告切片,2026-09-04,29.92,韩束官方旗舰店母亲节直播促销，主推红蛮腰抗皱紧致礼盒及377亮白棒，主打送妈妈送礼场景，强调包装精致及官方正品保障。
138,138.mp4,切片138 · 其他 · 大云山黑凤土鸡蛋直播促销广告,0510-其他,教师提供公开直播/短视频广告切片,2026-09-04,29.93,大云山黑凤土鸡蛋直播促销广告，主打高山散养、营养丰富、蛋香浓郁及24小时现产现发。
139,139.mp4,切片139 · 小家电产品 · 作业帮X60Ultra学习平板新品首发,0906-小家电产品,教师提供公开直播/短视频广告切片,2026-09-04,29.96,作业帮X60Ultra学习平板新品首发，主打AI贴身家教与伴学功能，支持AI诊断规划及精准查缺补漏，助力孩子高效学习。
140,140.mp4,切片140 · 小家电产品 · 石头科技A30 Pro 2.0洗地机新品直播推广,0906-小家电产品,教师提供公开直播/短视频广告切片,2026-09-04,29.93,石头科技A30 Pro 2.0洗地机新品直播推广，主打超能暴风洗、AI智感全向助力及95℃高温自清洁功能，强调高效除菌与强劲吸力。
141,141.mp4,切片141 · 计算机及配套设备 · 作业帮X60Ultra学习机广告,1206-计算机及配套设备,教师提供公开直播/短视频广告切片,2026-09-04,29.93,作业帮X60Ultra学习机广告，主打AI贴身家教与1对1互动功能，强调内置资源免费、7天免费试用及国补优惠。
142,142.mp4,切片142 · 小家电产品 · 石头科技A30 Pro Steam 2.0洗地机直播促销…,0906-小家电产品,教师提供公开直播/短视频广告切片,2026-09-04,29.96,石头科技A30 Pro Steam 2.0洗地机直播促销广告，主打180℃高温蒸汽与90℃热水双效洗地功能，强调25000Pa强劲吸力及超长续航，提供限时优惠价格。
143,143.mp4,切片143 · 卫生用品 · 凸凸棉无感PRO卫生巾直播广告,1204-卫生用品,教师提供公开直播/短视频广告切片,2026-09-04,29.94,凸凸棉无感PRO卫生巾直播广告，主打首创中凸芯设计符合人体工学，采用1.0D超柔纤维，具备30倍瞬吸防侧漏功能，强调无感舒适体验。
144,144.mp4,切片144 · 卫生用品 · 凸凸棉无感PRO卫生巾直播促销,1204-卫生用品,教师提供公开直播/短视频广告切片,2026-09-04,29.94,凸凸棉无感PRO卫生巾直播促销，主打人体工学无感体验、10D超柔纤维及中凸瞬吸芯防漏技术，购买即赠三层磁吸收纳柜。
145,145.mp4,切片145 · 宠物产品 · 卫仕爆爆罐宠物食品广告,1220-宠物产品,教师提供公开直播/短视频广告切片,2026-09-04,29.94,卫仕爆爆罐宠物食品广告，主打温和排毛、美毛爆毛功效，通过直播形式展示产品卖点及买3送4的优惠活动。
146,146.mp4,切片146 · 宠物产品 · 卫仕爆爆罐猫主食罐头广告,1220-宠物产品,教师提供公开直播/短视频广告切片,2026-09-04,29.93,卫仕爆爆罐猫主食罐头广告，主打青汁乳酪流心配方，宣称能温和排毛、美毛爆毛并解决猫咪挑食问题。
147,147.mp4,切片147 · 保健食品 · 汤臣倍健官方旗舰店直播推销蛋白粉,0601-保健食品,教师提供公开直播/短视频广告切片,2026-09-04,29.92,汤臣倍健官方旗舰店直播推销蛋白粉，主打0糖0胆固醇、90%高纯度及高消化率，强调只补蛋白质不补负担，适合孕期及日常营养补充。
148,148.mp4,切片148 · 其他 · 燕之屋直播带货宣传鲜炖燕窝产品,0510-其他,教师提供公开直播/短视频广告切片,2026-09-04,29.94,燕之屋直播带货宣传鲜炖燕窝产品，展示品牌销售第一的市场地位及人体试食效果试验证书，强调滋补滋养功效。
149,149.mp4,切片149 · 其他 · 燕之屋直播间促销鲜炖燕窝,0510-其他,教师提供公开直播/短视频广告切片,2026-09-04,29.93,燕之屋直播间促销鲜炖燕窝，强调日常保养与孕期滋养功效，并引导观众领取红包优惠购买。
150,150.mp4,切片150 · 保健食品 · BECHI品牌宣传其进口“肺细胞5.0”产品,0601-保健食品,教师提供公开直播/短视频广告切片,2026-09-04,29.93,BECHI品牌宣传其进口“肺细胞5.0”产品，主打肺部养护与细胞级营养，直播间正在进行买一送一的促销活动。
151,151.mp4,切片151 · 清洁用品 · 宝洁官方直播间推广汰渍去渍洗衣液,1205-清洁用品,教师提供公开直播/短视频广告切片,2026-09-04,29.92,宝洁官方直播间推广汰渍去渍洗衣液，主打蒸汽般层层净透、全效360度除菌除螨功能，年货节期间提供专属红包与优惠价格。
152,152.mp4,切片152 · 保健食品 · 直播推广西班牙进口品牌BECHI拜其的FloraBoos…,0601-保健食品,教师提供公开直播/短视频广告切片,2026-09-04,29.93,直播推广西班牙进口品牌BECHI拜其的FloraBoost营养品，宣称是商务部指定及奥运合作品牌，主打细胞营养科技，正在进行买1套送1套的促销活动。
153,153.mp4,切片153 · 清洁用品 · 宝洁官方直播间正在推广碧浪除菌抑菌洗衣液,1205-清洁用品,教师提供公开直播/短视频广告切片,2026-09-04,29.95,宝洁官方直播间正在推广碧浪除菌抑菌洗衣液，主打强力除菌、去渍及全新首创香味，提供年末好价优惠。
154,154.mp4,切片154 · 通信设备 · 荣耀WIN系列手机直播推广,0903-通信设备,教师提供公开直播/短视频广告切片,2026-09-04,29.9,荣耀WIN系列手机直播推广，主打超神性能双旗舰，强调185Hz电竞屏、涡轮散热及10000mAh大电池等核心卖点。
155,155.mp4,切片155 · 其他 · 燕之屋鲜炖燕窝直播带货,0510-其他,教师提供公开直播/短视频广告切片,2026-09-04,29.92,燕之屋鲜炖燕窝直播带货，主打连续九年高端燕窝销售第一，强调开盖即食、新鲜滋养及人体试食效果试验认证。
156,156.mp4,切片156 · 其他 · 燕之屋品牌鲜炖燕窝直播推广,0510-其他,教师提供公开直播/短视频广告切片,2026-09-04,29.93,燕之屋品牌鲜炖燕窝直播推广，主打27年专注高品质燕窝，宣称经过人体试食实验验证，具有改善皮肤质量、保湿、提亮等功效，适合爱美女性及备孕孕期人群食用。
157,157.mp4,切片157 · 其他 · 燕之屋官方旗舰店直播促销鲜炖燕窝,0510-其他,教师提供公开直播/短视频广告切片,2026-09-04,29.93,燕之屋官方旗舰店直播促销鲜炖燕窝，主打27年专注高品质，宣称经人体试食实验验证28天可改善皮肤质量，针对孕期、爱美及养生人群提供周期配送服务。
158,158.mp4,切片158 · 保健食品 · 主播推荐维生素B族保健品,0601-保健食品,教师提供公开直播/短视频广告切片,2026-09-04,29.93,主播推荐维生素B族保健品，宣称有助于修护黏膜、改善脱发、出油长痘及代谢差等问题，适合女性及亚健康人群。
159,159.mp4,切片159 · 保健食品 · 主播推广悦心牌排燃胶囊,0601-保健食品,教师提供公开直播/短视频广告切片,2026-09-04,29.93,主播推广悦心牌排燃胶囊，宣称白天排油晚上燃脂，有助于控制体内脂肪，且蓝帽认证正品保障。
160,160.mp4,切片160 · 保健食品 · 主播在直播间推销千泉普洱荷叶绞股蓝茶,0601-保健食品,教师提供公开直播/短视频广告切片,2026-09-04,29.9,主播在直播间推销千泉普洱荷叶绞股蓝茶，产品包装上印有蓝帽子标志和“保健功能：有助于控制体内脂肪”字样，主打辅助减肥和控制体重。
161,161.mp4,切片161 · 保健食品 · 广告推销一款名为普洱荷叶绞股蓝茶的减肥产品,0601-保健食品,教师提供公开直播/短视频广告切片,2026-09-04,30.0,广告推销一款名为普洱荷叶绞股蓝茶的减肥产品，宣称有助于控制体重、不伤身体，适合各类人群饮用。
162,162.mp4,切片162 · 保健食品 · 直播推广氨糖类关节保健品,0601-保健食品,教师提供公开直播/短视频广告切片,2026-09-04,29.89,直播推广氨糖类关节保健品，引用权威期刊数据对比硫酸氨糖与盐酸氨糖效果，强调硫酸氨糖对缓解关节磨损更有效，同时声明产品不代替药品。
163,163.mp4,切片163 · 保健用品 · 振德品牌医用治疗型静脉曲张袜广告,1201-保健用品,教师提供公开直播/短视频广告切片,2026-09-04,29.94,振德品牌医用治疗型静脉曲张袜广告，主播通过讲解压力袜的适用范围及测量方法，推广缓解腿部酸麻肿胀、红血丝等症状的压力袜产品。
164,164.mp4,切片164 · 保健食品 · 直播推广悦心牌茯苓泽泻胶囊,0601-保健食品,教师提供公开直播/短视频广告切片,2026-09-04,29.93,直播推广悦心牌茯苓泽泻胶囊，主打饭前服用排油燃脂，宣称不忌嘴、不伤身体，具有控制体内脂肪的保健功能。
165,165.mp4,切片165 · 保健食品 · 直播推销悦心牌泽泻胶囊,0601-保健食品,教师提供公开直播/短视频广告切片,2026-09-04,29.9,直播推销悦心牌泽泻胶囊，主打中式减肥、有助于控制体内脂肪且不拉肚子，声称适合三高人群及做过心脏手术者食用。
166,166.mp4,切片166 · 普通化妆品 · 直播带货推广NFX品牌护肤精华油,0301-普通化妆品,教师提供公开直播/短视频广告切片,2026-09-04,29.93,直播带货推广NFX品牌护肤精华油，主播通过讲解按摩手法和“疏通”概念，配合产品特写展示，强调其深润保湿与美容功效。
167,167.mp4,切片167 · 普通化妆品 · 百花诺言臻颜抗皱菁华液广告,0301-普通化妆品,教师提供公开直播/短视频广告切片,2026-09-04,29.96,百花诺言臻颜抗皱菁华液广告，主打抗皱紧致功效，宣称无铅汞激素，适合敏感肌修护，并展示权威检测报告证明其安全性与有效性。
168,168.mp4,切片168 · 特殊化妆品 · 主播直播推广江南印象防脱洗发水,0302-特殊化妆品,教师提供公开直播/短视频广告切片,2026-09-04,29.92,主播直播推广江南印象防脱洗发水，展示国家药监局特殊化妆品注册证，主打强韧发质、防脱育发功效。
169,169.mp4,切片169 · 其他 · 西麦官方旗舰店直播促销,0510-其他,教师提供公开直播/短视频广告切片,2026-09-04,29.91,西麦官方旗舰店直播促销，主推高钙牛奶燕麦片、五黑谷物燕麦片等冲饮食品，强调富含膳食纤维与蛋白质，提供大额优惠券及赠品活动。
170,170.mp4,切片170 · 保健食品 · 直播间推广百合康牌玫瑰花红景天提取物片,0601-保健食品,教师提供公开直播/短视频广告切片,2026-09-04,29.92,直播间推广百合康牌玫瑰花红景天提取物片，宣称拥有国家蓝帽认证，主打内调祛黄褐斑功效。
171,171.mp4,切片171 · 保健食品 · 主播在直播间推广百合康牌玫瑰花红花葡萄籽提取物片,0601-保健食品,教师提供公开直播/短视频广告切片,2026-09-04,29.92,主播在直播间推广百合康牌玫瑰花红花葡萄籽提取物片，宣称该产品拥有国家蓝帽子认证，专门针对女性因内分泌失调引起的黄褐斑，强调其内调去斑效果优于普通护肤品。
172,172.mp4,切片172 · 特殊化妆品 · HBN原白霜2.0直播带货广告,0302-特殊化妆品,教师提供公开直播/短视频广告切片,2026-09-04,29.95,HBN原白霜2.0直播带货广告，展示产品特证证明其具备美白祛斑功效，主打淡化黄褐斑和老年斑，强调科学美白更安心。
173,173.mp4,切片173 · 保健食品 · 汤臣倍健母亲节专场直播推广蛋白粉产品,0601-保健食品,教师提供公开直播/短视频广告切片,2026-09-04,29.94,汤臣倍健母亲节专场直播推广蛋白粉产品，主打0胆固醇、0乳糖、低脂及高纯度高蛋白卖点，强调累计销量破1.6亿罐。
174,174.mp4,切片174 · 普通化妆品 · 韩束红蛮腰礼盒广告,0301-普通化妆品,教师提供公开直播/短视频广告切片,2026-09-04,29.93,韩束红蛮腰礼盒广告，主打抗皱紧致、美白祛斑及补水保湿功效，作为母亲节礼物促销，强调高性价比与多重护肤功能。
175,175.mp4,切片175 · 普通化妆品 · 敷尔佳清痘膜广告,0301-普通化妆品,教师提供公开直播/短视频广告切片,2026-09-04,29.92,敷尔佳清痘膜广告，主打诺贝尔超分子技术，宣称15分钟速褪红、淡化痘印，专为油痘肌设计的修护面膜。
176,176.mp4,切片176 · 普通化妆品 · 敷尔佳清痘净肤修护贴2.0系列广告,0301-普通化妆品,教师提供公开直播/短视频广告切片,2026-09-04,29.93,敷尔佳清痘净肤修护贴2.0系列广告，主打诺贝尔超分子技术和苦参碱水杨酸盐成分，宣称能深层渗透、温和祛痘淡印。
177,177.mp4,切片177 · 普通化妆品 · 珀莱雅源力精华3.0直播带货广告,0301-普通化妆品,教师提供公开直播/短视频广告切片,2026-09-04,29.94,珀莱雅源力精华3.0直播带货广告，主打重组胶原蛋白成分，宣称能15分钟快速褪红、修护敏感肌并7天焕新肤质。
178,178.mp4,切片178 · 普通化妆品 · 敷尔佳战痘面膜广告,0301-普通化妆品,教师提供公开直播/短视频广告切片,2026-09-04,29.96,敷尔佳战痘面膜广告，主打诺贝尔超分子技术，宣称能清痘淡印、抑制反复，适合油敏皮和混合肤质。
179,179.mp4,切片179 · 普通化妆品 · 敷尔佳品牌推出的祛痘修护面膜广告,0301-普通化妆品,教师提供公开直播/短视频广告切片,2026-09-04,29.94,敷尔佳品牌推出的祛痘修护面膜广告，主打诺贝尔超分子技术和独家专利原料苦参碱水杨酸盐，强调清痘淡印、抑制痘痘反复及温和高效的功效。
180,180.mp4,切片180 · 普通化妆品 · 敷尔佳2.0系列面膜直播推广,0301-普通化妆品,教师提供公开直播/短视频广告切片,2026-09-04,29.93,敷尔佳2.0系列面膜直播推广，主打诺贝尔超分子技术，宣称能快速清痘淡印、舒缓褪红，适合油敏皮及痘痘肌使用。
181,181.mp4,切片181 · 保健食品 · 汤臣倍健官方旗舰店直播推广蛋白粉,0601-保健食品,教师提供公开直播/短视频广告切片,2026-09-04,29.97,汤臣倍健官方旗舰店直播推广蛋白粉，主打零糖、零胆固醇、低脂肪，富含免疫蛋白，强调真材实料不代工。
182,182.mp4,切片182 · 保健食品 · BECHI海外旗舰店直播推广‘定向肺细胞’营养产品,0601-保健食品,教师提供公开直播/短视频广告切片,2026-09-04,29.93,BECHI海外旗舰店直播推广‘定向肺细胞’营养产品，宣称拥有多项专利支持，主打直达肺部、修复损伤及高吸收率，并提供买一送一优惠。
183,183.mp4,切片183 · 保健食品 · BECHI海外旗舰店直播推销专利肾细胞保健品,0601-保健食品,教师提供公开直播/短视频广告切片,2026-09-04,29.93,BECHI海外旗舰店直播推销专利肾细胞保健品，宣称针对慢性肾炎、肾损伤等人群，主打西班牙进口及买一送一促销。
184,184.mp4,切片184 · 保健食品 · BECHI品牌肾细胞保健食品直播促销,0601-保健食品,教师提供公开直播/短视频广告切片,2026-09-04,29.95,BECHI品牌肾细胞保健食品直播促销，主打2代肾细胞全面升级，提供买一送一及全程售后保障服务。
185,185.mp4,切片185 · 家具家私 · 欧派悬浮床采用头层牛皮与拉扣工艺,1208-家具家私,教师提供公开直播/短视频广告切片,2026-09-04,30.88,欧派悬浮床采用头层牛皮与拉扣工艺，兼具高级质感与悬浮底座设计，打造温馨舒适的卧室体验。
186,186.mp4,切片186 · 普通化妆品 · 推广马达加斯加琼崖海棠油及各类精油产品,0301-普通化妆品,教师提供公开直播/短视频广告切片,2026-09-04,32.03,推广马达加斯加琼崖海棠油及各类精油产品，展示其在护肤、护发及身体按摩方面的功效，并通过用户好评强调产品天然、滋润及改善肌肤状态的特点。
187,187.mp4,切片187 · 普通化妆品 · 推广一款绿咖啡籽油眼部护理产品,0301-普通化妆品,教师提供公开直播/短视频广告切片,2026-09-04,31.0,推广一款绿咖啡籽油眼部护理产品，宣称含咖啡因具有抗氧化作用，能缓解眼部浮肿和面部松弛，质地清爽不油腻。
188,188.mp4,切片188 · 形象宣传 · 潍坊纳澳化妆品有限公司入选CCTV品牌强国自主品牌优选工…,2101-形象宣传,教师提供公开直播/短视频广告切片,2026-09-04,31.0,潍坊纳澳化妆品有限公司入选CCTV品牌强国自主品牌优选工程，宣传企业获得国家级品牌荣誉与资质认证。
189,189.mp4,切片189 · 普通化妆品 · 推荐阿曼绿乳香精油,0301-普通化妆品,教师提供公开直播/短视频广告切片,2026-09-04,31.0,推荐阿曼绿乳香精油，宣称具有皮肤修护、改善皱纹斑点及助眠等功效，被称为精油之王。
190,190.mp4,切片190 · 普通化妆品 · 赵纳博士推荐专属定制面霜,0301-普通化妆品,教师提供公开直播/短视频广告切片,2026-09-04,31.0,赵纳博士推荐专属定制面霜，采用顶尖科技实现一肤一方，解决干皮保湿及敏感肌问题。
191,191.mp4,切片191 · 服饰箱包 · 借势2025乙巳年九紫离火运,1207-服饰箱包,教师提供公开直播/短视频广告切片,2026-09-04,31.01,借势2025乙巳年九紫离火运，博主推荐女性穿着紫色复古服饰或佩戴紫色饰品，寓意带来尊贵与好运。
192,192.mp4,切片192 · 特许加盟 · 纳澳集团花叶果品牌美博会巡展,1703-特许加盟,教师提供公开直播/短视频广告切片,2026-09-04,31.0,纳澳集团花叶果品牌美博会巡展，主打纯植物进口精油产品，宣传零门槛加盟火热进行中，招募全国各地代理商。
193,193.mp4,切片193 · 普通化妆品 · 该广告通过展示实验室研发场景和“赵纳博士”的专业形象,0301-普通化妆品,教师提供公开直播/短视频广告切片,2026-09-04,31.03,该广告通过展示实验室研发场景和“赵纳博士”的专业形象，重点宣传含有“稀有人参皂苷”成分的抗老产品，强调其源自纯植物成分转化及顶尖黑科技，主打肉眼可见的抗老效果。
194,194.mp4,切片194 · 普通化妆品 · 博主深入阿曼高温无人区溯源采集顶级神圣乳香,0301-普通化妆品,教师提供公开直播/短视频广告切片,2026-09-04,31.04,博主深入阿曼高温无人区溯源采集顶级神圣乳香，通过展示艰辛的原料获取过程，宣传其专注精油产品的纯粹与匠心。
195,195.mp4,切片195 · 保健用品 · 推广市面首款精油爆珠三伏贴,1201-保健用品,教师提供公开直播/短视频广告切片,2026-09-04,31.0,推广市面首款精油爆珠三伏贴，主打7种名贵中药材与10种西式芳疗精油的复合配方，通过爆珠技术实现一捏焕新肤感，用于三伏天温养祛湿。
196,196.mp4,切片196 · 其他 · 主播在直播中推销黄精四黑丸,0510-其他,教师提供公开直播/短视频广告切片,2026-09-04,30.98,主播在直播中推销黄精四黑丸，宣称是清补夏养节新品，以356元4袋的超低价进行促销。
197,197.mp4,切片197 · 普通化妆品 · 推荐HERRY&TINA品牌儿童二合一洗发沐浴露,0301-普通化妆品,教师提供公开直播/短视频广告切片,2026-09-04,30.98,推荐HERRY&TINA品牌儿童二合一洗发沐浴露，主打温和清洁与洗护合一，适合宝宝日常使用。
198,198.mp4,切片198 · 清洁用品 · 海肌兰内衣清洗液广告,1205-清洁用品,教师提供公开直播/短视频广告切片,2026-09-04,32.0,海肌兰内衣清洗液广告，主打蛋白酶深层洁净、有效去除血渍及异味，并强调山茶花香氛留香，让衣物洗后香软。
199,199.mp4,切片199 · 服饰箱包 · 这款黑色化妆包采用多隔层设计,1207-服饰箱包,教师提供公开直播/短视频广告切片,2026-09-04,31.01,这款黑色化妆包采用多隔层设计，方便分类收纳护肤品和化妆品，质量优良，适合旅行或日常整理使用。
200,200.mp4,切片200 · 普通化妆品 · HT凝蔓专卖店到货宣传视频,0301-普通化妆品,教师提供公开直播/短视频广告切片,2026-09-04,32.05,HT凝蔓专卖店到货宣传视频，展示HERRY&TINA品牌的瓷肌紧塑发光能量面膜与涂抹面膜。广告强调产品含有进口原料与专利成分，主打紧致肌肤、补水保湿及改善粗糙功效。
201,201.mp4,切片201 · 普通化妆品 · 博主分享使用HERRY&TINA黑金系列洗面奶和卸妆产品…,0301-普通化妆品,教师提供公开直播/短视频广告切片,2026-09-04,32.05,博主分享使用HERRY&TINA黑金系列洗面奶和卸妆产品的护肤体验，强调产品原料合规且能有效去除黑头。
202,202.mp4,切片202 · 清洁用品 · 视频展示了一名儿童使用HT除菌香氛洁厕液刷洗物体的场景,1205-清洁用品,教师提供公开直播/短视频广告切片,2026-09-04,30.99,视频展示了一名儿童使用HT除菌香氛洁厕液刷洗物体的场景，宣传该产品为多功能、超级好用的家庭必备清洁神器。
203,203.mp4,切片203 · 涉嫌非药冒充药品 · 该视频通过医生查房场景及人体解剖图暗示治疗漏尿功效,0099-涉嫌非药冒充药品,教师提供公开直播/短视频广告切片,2026-09-04,31.01,该视频通过医生查房场景及人体解剖图暗示治疗漏尿功效，但实际推销产品“双参紫金益元安漏膏”为膏状商品，且明确声明不可代替药品或医疗器械，属于典型的非药冒充药品营销。
204,204.mp4,切片204 · 服饰箱包 · 推荐一款适合夏季户外及通勤穿着的女装套装,1207-服饰箱包,教师提供公开直播/短视频广告切片,2026-09-04,30.69,推荐一款适合夏季户外及通勤穿着的女装套装，强调面料丝滑凉快、颜色显白舒适。
205,205.mp4,切片205 · 保健食品 · 飞鹤蛋白粉母亲节专题广告,0601-保健食品,教师提供公开直播/短视频广告切片,2026-09-04,29.95,飞鹤蛋白粉母亲节专题广告，通过刘晓庆的高原运动场景展示产品活力功效，强调其采用婴幼儿奶粉标准及全球首创的乳蛋白鲜萃提取科技，主打补充优质蛋白。
206,206.mp4,切片206 · 乳制品 · 中国飞鹤推出新一代牛乳蛋白营养粉,0501-乳制品,教师提供公开直播/短视频广告切片,2026-09-04,32.07,中国飞鹤推出新一代牛乳蛋白营养粉，主打小分子易吸收、0乳糖及高钙高蛋白特色，通过创新科技从新鲜生牛乳直接提取乳蛋白。
207,207.mp4,切片207 · 普通化妆品 · 借裸鼹鼠长寿研究科普玻尿酸功效,0301-普通化妆品,教师提供公开直播/短视频广告切片,2026-09-04,30.98,借裸鼹鼠长寿研究科普玻尿酸功效，旨在推广全分子量玻尿酸护肤产品。
208,208.mp4,切片208 · 视听设备 · 2025年头戴式耳机终极选购指南,0901-视听设备,教师提供公开直播/短视频广告切片,2026-09-04,29.95,2025年头戴式耳机终极选购指南，筛选出9款适合各类人群的热门耳机，从百元到千元价位，提供音质、降噪、续航等维度的客观参考。
209,209.mp4,切片209 · 服饰箱包 · 壹丝幻享官方旗舰店展示网纱吊带胭脂系列丝袜,1207-服饰箱包,教师提供公开直播/短视频广告切片,2026-09-04,41.98,壹丝幻享官方旗舰店展示网纱吊带胭脂系列丝袜，主打粉嫩丝袜的天花板卖点。
210,210.mp4,切片210 · 纺织品 · 壹丝幻享官方旗舰店推广其首创的蚕丝蛋白柔光丝袜,1209-纺织品,教师提供公开直播/短视频广告切片,2026-09-04,40.96,壹丝幻享官方旗舰店推广其首创的蚕丝蛋白柔光丝袜，画面展示模特穿着丝袜搭配高跟鞋的腿部特写，突显丝袜的光泽感与质感。
211,211.mp4,切片211 · 服饰箱包 · 伯希和户外品牌宣传,1207-服饰箱包,教师提供公开直播/短视频广告切片,2026-09-04,29.95,伯希和户外品牌宣传，强调其作为国货首选品牌，采用PT-CHINA科技混搭eVent、CORDURA、PRIMALOFT等全球顶尖面料与技术，打造硬核户外装备。
212,212.mp4,切片212 · 服饰箱包 · 盘点国产“老钱风”服饰品牌,1207-服饰箱包,教师提供公开直播/短视频广告切片,2026-09-04,30.98,盘点国产“老钱风”服饰品牌，重点推荐之禾（ICICLE）的东方美学与1436的顶级小山羊绒工艺，展现不输国际大牌的质感。
213,213.mp4,切片213 · 服饰箱包 · 推荐国潮开春人气前五的裤装品牌,1207-服饰箱包,教师提供公开直播/短视频广告切片,2026-09-04,43.01,推荐国潮开春人气前五的裤装品牌，展示多款热门工装裤、西裤及卫裤的穿搭效果与卖点。
214,214.mp4,切片214 · 普通化妆品 · 视频以购物攻略形式推广自然堂小紫瓶精华,0301-普通化妆品,教师提供公开直播/短视频广告切片,2026-09-04,29.95,视频以购物攻略形式推广自然堂小紫瓶精华，通过对比官方与达人直播间价格，强调在达人直播间购买更划算且赠品更多，引导用户下单购买。
215,215.mp4,切片215 · 普通化妆品 · 丸美品牌618大促广告,0301-普通化妆品,教师提供公开直播/短视频广告切片,2026-09-04,33.93,丸美品牌618大促广告，主打胶原抗皱水乳套组，宣称百元价位媲美千元质感，针对35岁以上熟龄肌，提供拍一发多件及赠送美容仪的超值福利。
216,216.mp4,切片216 · 普通化妆品 · 博主分享变美心得,0301-普通化妆品,教师提供公开直播/短视频广告切片,2026-09-04,28.93,博主分享变美心得，重点推荐优斐斯氨甲环酸淡斑精华及法令纹贴等护肤好物，强调其在项目后护肤及改善肤质方面的显著效果。
217,217.mp4,切片217 · 服饰箱包 · 鹿王男装直播间推荐桑蚕丝与羊绒完美结合的丝绒短袖,1207-服饰箱包,教师提供公开直播/短视频广告切片,2026-09-04,33.28,鹿王男装直播间推荐桑蚕丝与羊绒完美结合的丝绒短袖，主打软糯亲肤、冰爽舒适且不易起皱的高端男士夏季穿搭。
218,218.mp4,切片218 · 饮料 · 视频科普全球顶级矿泉水品牌,0502-饮料,教师提供公开直播/短视频广告切片,2026-09-04,30.98,视频科普全球顶级矿泉水品牌，重点介绍依云的高端品牌故事与巴黎水独特的气泡口感。
219,219.mp4,切片219 · 其他普通商品 · 纽尔品牌推出的vivo X200 Ultra手机金属兔笼…,1221-其他普通商品,教师提供公开直播/短视频广告切片,2026-09-04,60.92,纽尔品牌推出的vivo X200 Ultra手机金属兔笼摄影套装，通过展示手机加装兔笼及外接镜头后的专业外观，以及拍摄鸟类的清晰样张，强调其作为手机摄影辅助配件的顶级组合优势。
220,220.mp4,切片220 · 通信设备 · 博主推荐1500元以内高性价比手机,0903-通信设备,教师提供公开直播/短视频广告切片,2026-09-04,60.98,博主推荐1500元以内高性价比手机，重点介绍了配备潜望长焦的真我13 Pro+以及主打大电池续航的iQOO Z10 Turbo。
221,221.mp4,切片221 · 冲饮食品 · 主播展示茉莉花茶、大红袍、信阳毛尖等多款茶叶,0504-冲饮食品,教师提供公开直播/短视频广告切片,2026-09-04,60.93,主播展示茉莉花茶、大红袍、信阳毛尖等多款茶叶，强调产品性价比高、耐泡且适合送礼，并引导用户预约直播间购买。
222,222.mp4,切片222 · 清洁用品 · 创得厨具旗舰店直播预告,1205-清洁用品,教师提供公开直播/短视频广告切片,2026-09-04,60.93,创得厨具旗舰店直播预告，主打贝纯品牌洗衣液、留香珠及猫爪款凝珠等清洁用品，宣传中午开播期间全场福利放不停，购买指定金额即可获赠超值礼物。
223,223.mp4,切片223 · 普通化妆品 · 推广雪偲亭光感美肤素颜精华霜,0301-普通化妆品,教师提供公开直播/短视频广告切片,2026-09-04,60.93,推广雪偲亭光感美肤素颜精华霜，主打5秒快速出门、自然提气色、持妆久且护肤养肤的素颜霜。
224,224.mp4,切片224 · 服饰箱包 · 推荐大嘴猴品牌PC材质行李箱,1207-服饰箱包,教师提供公开直播/短视频广告切片,2026-09-04,60.93,推荐大嘴猴品牌PC材质行李箱，主打超轻、抗压、静音及内部收纳整齐，号称性价比天花板。
225,225.mp4,切片225 · 服饰箱包 · 视频推广高品质女鞋（德训鞋、勃肯鞋）,1207-服饰箱包,教师提供公开直播/短视频广告切片,2026-09-04,60.93,视频推广高品质女鞋（德训鞋、勃肯鞋），强调采用头层牛皮、小羊皮内里及纯羊毛材质，主打舒适保暖与高端质感。
226,226.mp4,切片226 · 小家电产品 · 推广一款集烧水、养生、恒温、冲奶功能于一体的四合一电水壶,0906-小家电产品,教师提供公开直播/短视频广告切片,2026-09-04,60.94,推广一款集烧水、养生、恒温、冲奶功能于一体的四合一电水壶，强调高硼硅加钛材质及24小时恒温等卖点。
227,227.mp4,切片227 · 其他 · 黄金百香果限时促销,0510-其他,教师提供公开直播/短视频广告切片,2026-09-04,60.93,黄金百香果限时促销，产地直发新鲜采摘，口感香甜多汁，可生食也可泡水，富含营养。
228,228.mp4,切片228 · 厨房用具 · 创得厨具旗舰店推广非洲进口花梨木菜板与硅胶揉面垫,1214-厨房用具,教师提供公开直播/短视频广告切片,2026-09-04,60.93,创得厨具旗舰店推广非洲进口花梨木菜板与硅胶揉面垫，主打材质硬度高、天然抑菌、不易开裂及高性价比。
229,229.mp4,切片229 · 保健食品 · 推荐任我行品牌液体钙,0601-保健食品,教师提供公开直播/短视频广告切片,2026-09-04,60.93,推荐任我行品牌液体钙，主打三文鱼骨提取的钙与骨胶原双效补充，并添加K2和D3，宣称易吸收且能解决关节异响、抽筋等问题。
230,230.mp4,切片230 · 纺织品 · 推广一款高端云雾麻面料大豆纤维被,1209-纺织品,教师提供公开直播/短视频广告切片,2026-09-04,60.93,推广一款高端云雾麻面料大豆纤维被，强调其迪拜专供款身份、一床顶三床的多季适用性及高性价比。
231,231.mp4,切片231 · 冲饮食品 · 主播展示茉莉龙珠、大红袍、茉莉银针、信阳毛尖等多款茶叶,0504-冲饮食品,教师提供公开直播/短视频广告切片,2026-09-04,60.93,主播展示茉莉龙珠、大红袍、茉莉银针、信阳毛尖等多款茶叶，宣传其耐泡、高性价比等特点，并预告直播间以茶会友活动。
232,232.mp4,切片232 · 服饰箱包 · MUEKA复古水桶包直播推广,1207-服饰箱包,教师提供公开直播/短视频广告切片,2026-09-04,61.06,MUEKA复古水桶包直播推广，主打咖啡色温柔百搭与黑色高级帅气等多色可选，提供一年质保及运费险服务。
233,233.mp4,切片233 · 通信设备 · iQOO Neo11新品发布广告,0903-通信设备,教师提供公开直播/短视频广告切片,2026-09-04,60.88,iQOO Neo11新品发布广告，重点宣传其搭载的2K 144Hz珠峰屏，强调屏幕性能。
234,234.mp4,切片234 · 服饰箱包 · GG潮牌年末清仓大促,1207-服饰箱包,教师提供公开直播/短视频广告切片,2026-09-04,61.43,GG潮牌年末清仓大促，展示多款卫衣、连衣裙等时尚服饰，主打全网最低价。
235,235.mp4,切片235 · 纺织品 · 直播带货七斤蚕丝被,1209-纺织品,教师提供公开直播/短视频广告切片,2026-09-04,60.98,直播带货七斤蚕丝被，主打冬日保暖与双人舒适睡眠体验，邀请用户抢购。
236,236.mp4,切片236 · 医疗美容服务 · 该视频由身穿手术服的医生出镜,1302-医疗美容服务,教师提供公开直播/短视频广告切片,2026-09-04,30.85,该视频由身穿手术服的医生出镜，科普眼袋形成的原因及预防方法，旨在推广其祛眼袋医疗服务。
237,237.mp4,切片237 · 厨卫电器 · 小天鹅628t洗衣机广告,0904-厨卫电器,教师提供公开直播/短视频广告切片,2026-09-04,31.68,小天鹅628t洗衣机广告，主打实用功能，被称为居家实用天花板好物。
